{
  "best_model": "XGBoost",
  "metrics": [
    {
      "model": "XGBoost",
      "accuracy": 0.5772669220945083,
      "precision_pos": 0.8790112749349523,
      "recall_pos": 0.5956508962679988,
      "f1_pos": 0.7101068488351725,
      "auc": 0.5205086734131649
    }
  ]
}
